{
  "accuracy": [
    0.5939615964889526,
    0.6567155122756958,
    0.6987575888633728,
    0.7401372194290161,
    0.7802508473396301
  ],
  "loss": [
    1.342960000038147,
    1.1169936656951904,
    0.971918523311615,
    0.836333155632019,
    0.7069272398948669
  ],
  "val_accuracy": [
    0.6192887425422668,
    0.6355981826782227,
    0.6428403258323669,
    0.6476684212684631,
    0.6507889628410339
  ],
  "val_loss": [
    1.2976046800613403,
    1.2488845586776733,
    1.2185598611831665,
    1.2129497528076172,
    1.214925765991211
  ],
  "learning_rate": [
    9.999999747378752e-06,
    9.999999747378752e-06,
    9.999999747378752e-06,
    9.999999747378752e-06,
    9.999999747378752e-06
  ]
}