,count,mean,std,min,25%,50%,75%,max
designation_clean_length_chars,84916.0,68.12665457628715,35.27370905075951,9.0,41.0,62.0,89.0,246.0
description_clean_length_chars,84916.0,481.74033162183804,690.9913730619403,0.0,0.0,211.0,767.0,12142.0
