,count,mean,std,min,25%,50%,75%,max
designation_length_chars,84916.0,70.16330255782185,36.79338327550111,11.0,43.0,64.0,90.0,250.0
description_length_chars,84916.0,524.5559258561402,754.8939048638804,0.0,0.0,231.0,823.0,12451.0
