,count,mean,std,min,25%,50%,75%,max
designation_clean_length_tokens,84916.0,11.53819068255688,6.037529244516806,2.0,7.0,11.0,14.0,51.0
description_clean_length_tokens,84916.0,83.7806891516322,121.22006719296756,0.0,0.0,36.0,132.0,2211.0
