{
  "accuracy": [
    0.47974446415901184,
    0.5403344631195068,
    0.5540688037872314,
    0.5591326355934143,
    0.5629305839538574,
    0.562135636806488,
    0.5807719230651855,
    0.5862333178520203,
    0.5871312618255615,
    0.5875139832496643
  ],
  "loss": [
    1.8437774181365967,
    1.5907492637634277,
    1.5341987609863281,
    1.5163816213607788,
    1.5046499967575073,
    1.506569504737854,
    1.4057825803756714,
    1.3911662101745605,
    1.3880729675292969,
    1.3766412734985352
  ],
  "val_accuracy": [
    0.5515190958976746,
    0.565355658531189,
    0.5664743185043335,
    0.5735397934913635,
    0.5748351216316223,
    0.5793099403381348,
    0.5877296328544617,
    0.5909679532051086,
    0.5879651308059692,
    0.5960315465927124
  ],
  "val_loss": [
    1.5421513319015503,
    1.4977911710739136,
    1.4715476036071777,
    1.4615602493286133,
    1.483665943145752,
    1.4709984064102173,
    1.4127507209777832,
    1.4037526845932007,
    1.4103151559829712,
    1.3965712785720825
  ],
  "learning_rate": [
    0.0010000000474974513,
    0.0010000000474974513,
    0.0010000000474974513,
    0.0010000000474974513,
    0.0010000000474974513,
    0.0010000000474974513,
    0.0005000000237487257,
    0.0005000000237487257,
    0.0005000000237487257,
    0.0005000000237487257
  ]
}